"ano";"experiencia";"emprego";"cargo";"salario_USD";"pais_empreg";"trab_remoto";"pais_empresa";"tam_empresa"
2020;"MI";"FT";"Data Scientist";79833;"DE";"Não";"DE";"L"
2020;"SE";"FT";"Machine Learning Scientist";260000;"JP";"Não";"JP";"S"
2020;"SE";"FT";"Big Data Engineer";109024;"GB";"Parcial";"GB";"M"
2020;"MI";"FT";"Product Data Analyst";20000;"HN";"Não";"HN";"S"
2020;"SE";"FT";"Machine Learning Engineer";150000;"US";"Parcial";"US";"L"
2020;"EN";"FT";"Data Analyst";72000;"US";"Sim";"US";"L"
2020;"SE";"FT";"Lead Data Scientist";190000;"US";"Sim";"US";"S"
2020;"MI";"FT";"Data Scientist";35735;"HU";"Parcial";"HU";"L"
2020;"MI";"FT";"Business Data Analyst";135000;"US";"Sim";"US";"L"
2020;"SE";"FT";"Lead Data Engineer";125000;"NZ";"Parcial";"NZ";"S"
2020;"EN";"FT";"Data Scientist";51321;"FR";"Não";"FR";"S"
2020;"MI";"FT";"Data Scientist";40481;"IN";"Não";"IN";"L"
2020;"EN";"FT";"Data Scientist";39916;"FR";"Não";"FR";"M"
2020;"MI";"FT";"Lead Data Analyst";87000;"US";"Sim";"US";"L"
2020;"MI";"FT";"Data Analyst";85000;"US";"Sim";"US";"L"
2020;"MI";"FT";"Data Analyst";8000;"PK";"Parcial";"PK";"L"
2020;"EN";"FT";"Data Engineer";41689;"JP";"Sim";"JP";"S"
2020;"SE";"FT";"Big Data Engineer";114047;"PL";"Sim";"GB";"S"
2020;"EN";"FT";"Data Science Consultant";5707;"IN";"Parcial";"IN";"M"
2020;"MI";"FT";"Lead Data Engineer";56000;"PT";"Sim";"US";"M"
2020;"MI";"FT";"Machine Learning Engineer";43331;"CN";"Não";"CN";"M"
2020;"MI";"FT";"Product Data Analyst";6072;"IN";"Sim";"IN";"L"
2020;"SE";"FT";"Data Engineer";47899;"GR";"Parcial";"GR";"L"
2020;"MI";"FT";"BI Data Analyst";98000;"US";"Não";"US";"M"
2020;"MI";"FT";"Lead Data Scientist";115000;"AE";"Não";"AE";"L"
2020;"EX";"FT";"Director of Data Science";325000;"US";"Sim";"US";"L"
2020;"EN";"FT";"Research Scientist";42000;"NL";"Parcial";"NL";"L"
2020;"SE";"FT";"Data Engineer";33511;"MX";"Não";"MX";"S"
2020;"EN";"CT";"Business Data Analyst";100000;"US";"Sim";"US";"L"
2020;"SE";"FT";"Machine Learning Manager";117104;"CA";"Parcial";"CA";"L"
2020;"MI";"FT";"Data Engineering Manager";59303;"DE";"Sim";"DE";"S"
2020;"EN";"FT";"Big Data Engineer";70000;"US";"Sim";"US";"L"
2020;"SE";"FT";"Data Scientist";68428;"GR";"Sim";"US";"L"
2020;"MI";"FT";"Research Scientist";450000;"US";"Não";"US";"M"
2020;"MI";"FT";"Data Analyst";46759;"FR";"Parcial";"FR";"L"
2020;"MI";"FT";"Data Engineer";74130;"AT";"Parcial";"AT";"L"
2020;"MI";"FT";"Data Science Consultant";103000;"US";"Sim";"US";"L"
2020;"EN";"FT";"Machine Learning Engineer";250000;"US";"Parcial";"US";"L"
2020;"EN";"FT";"Data Analyst";10000;"NG";"Sim";"NG";"S"
2020;"EN";"FT";"Machine Learning Engineer";138000;"US";"Sim";"US";"S"
2020;"MI";"FT";"Data Scientist";45760;"PH";"Sim";"US";"S"
2020;"EX";"FT";"Data Engineering Manager";79833;"ES";"Parcial";"ES";"L"
2020;"MI";"FT";"Machine Learning Infrastructure Engineer";50180;"PT";"Não";"PT";"M"
2020;"MI";"FT";"Data Engineer";106000;"US";"Sim";"US";"L"
2020;"MI";"FT";"Data Engineer";112872;"GB";"Parcial";"GB";"L"
2020;"EN";"PT";"ML Engineer";15966;"DE";"Sim";"DE";"S"
2020;"MI";"FT";"Data Scientist";76958;"GB";"Sim";"GB";"S"
2020;"SE";"FT";"Data Engineer";188000;"US";"Sim";"US";"L"
2020;"MI";"FT";"Data Scientist";105000;"US";"Sim";"US";"L"
2020;"MI";"FT";"Data Engineer";70139;"FR";"Parcial";"FR";"L"
2020;"EN";"FT";"Data Analyst";6072;"IN";"Não";"IN";"S"
2020;"EN";"FT";"Data Analyst";91000;"US";"Sim";"US";"L"
2020;"EN";"FT";"AI Scientist";45896;"DK";"Parcial";"DK";"S"
2020;"EN";"FT";"Data Engineer";54742;"PK";"Sim";"DE";"L"
2020;"SE";"FL";"Computer Vision Engineer";60000;"RU";"Sim";"US";"S"
2020;"SE";"FT";"Principal Data Scientist";148261;"DE";"Sim";"DE";"M"
2020;"MI";"FT";"Data Scientist";38776;"ES";"Sim";"ES";"M"
2020;"MI";"FT";"Data Scientist";118000;"US";"Sim";"US";"M"
2020;"SE";"FT";"Data Scientist";120000;"US";"Parcial";"US";"L"
2020;"MI";"FT";"Data Scientist";138350;"US";"Sim";"US";"M"
2020;"MI";"FT";"Data Engineer";110000;"US";"Sim";"US";"L"
2020;"MI";"FT";"Data Engineer";130800;"ES";"Sim";"US";"M"
2020;"EN";"PT";"Data Scientist";21669;"IT";"Parcial";"IT";"S"
2020;"SE";"FT";"Data Scientist";412000;"US";"Sim";"US";"L"
2020;"SE";"FT";"Machine Learning Engineer";45618;"HR";"Sim";"HR";"S"
2020;"EN";"FT";"Data Scientist";62726;"DE";"Parcial";"DE";"S"
2020;"EN";"FT";"Data Scientist";49268;"DE";"Não";"DE";"S"
2020;"SE";"FT";"Data Science Manager";190200;"US";"Sim";"US";"M"
2020;"EN";"FT";"Data Scientist";105000;"US";"Sim";"US";"S"
2020;"SE";"FT";"Data Scientist";91237;"AT";"Não";"AT";"S"
2020;"MI";"FT";"Data Scientist";62726;"FR";"Parcial";"LU";"S"
2020;"MI";"FT";"Data Scientist";42197;"FR";"Parcial";"FR";"S"
2021;"EN";"FT";"Research Scientist";82528;"GB";"Parcial";"GB";"L"
2021;"EX";"FT";"BI Data Analyst";150000;"IN";"Sim";"US";"L"
2021;"EX";"FT";"Head of Data";235000;"US";"Sim";"US";"L"
2021;"SE";"FT";"Data Scientist";53192;"FR";"Parcial";"FR";"L"
2021;"MI";"FT";"BI Data Analyst";100000;"US";"Sim";"US";"M"
2021;"MI";"PT";"3D Computer Vision Researcher";5409;"IN";"Parcial";"IN";"M"
2021;"MI";"CT";"ML Engineer";270000;"US";"Sim";"US";"L"
2021;"EN";"FT";"Data Analyst";80000;"US";"Sim";"US";"M"
2021;"SE";"FT";"Data Analytics Engineer";79197;"DE";"Sim";"DE";"L"
2021;"MI";"FT";"Data Engineer";140000;"US";"Sim";"US";"L"
2021;"MI";"FT";"Applied Data Scientist";54238;"GB";"Parcial";"CA";"L"
2021;"MI";"FT";"Machine Learning Engineer";47282;"ES";"Sim";"ES";"S"
2021;"EX";"FT";"Director of Data Science";153667;"IT";"Sim";"PL";"L"
2021;"MI";"FT";"Data Engineer";28476;"PL";"Sim";"PL";"L"
2021;"EN";"FT";"Data Analyst";59102;"FR";"Parcial";"FR";"M"
2021;"MI";"FT";"Data Analytics Engineer";110000;"US";"Sim";"US";"L"
2021;"SE";"FT";"Lead Data Analyst";170000;"US";"Sim";"US";"L"
2021;"SE";"FT";"Data Analyst";80000;"BG";"Sim";"US";"S"
2021;"SE";"FT";"Marketing Data Analyst";88654;"GR";"Sim";"DK";"L"
2021;"EN";"FT";"Data Science Consultant";76833;"DE";"Sim";"DE";"S"
2021;"MI";"FT";"Lead Data Analyst";19609;"IN";"Sim";"IN";"L"
2021;"SE";"FT";"Lead Data Engineer";276000;"US";"Não";"US";"L"
2021;"EN";"FT";"Data Scientist";29751;"IN";"Parcial";"IN";"L"
2021;"MI";"FT";"Cloud Data Engineer";89294;"SG";"Parcial";"SG";"L"
2021;"EN";"PT";"AI Scientist";12000;"BR";"Sim";"US";"S"
2021;"MI";"FT";"Financial Data Analyst";450000;"US";"Sim";"US";"L"
2021;"EN";"FT";"Computer Vision Software Engineer";70000;"US";"Sim";"US";"M"
2021;"MI";"FT";"Computer Vision Software Engineer";95746;"DE";"Sim";"US";"S"
2021;"MI";"FT";"Data Analyst";75000;"US";"Não";"US";"L"
2021;"SE";"FT";"Data Engineer";150000;"US";"Sim";"US";"L"
2021;"MI";"FT";"BI Data Analyst";36259;"HU";"Parcial";"US";"L"
2021;"MI";"FT";"Data Analyst";62000;"US";"Não";"US";"L"
2021;"MI";"FT";"Data Scientist";73000;"US";"Não";"US";"L"
2021;"MI";"FT";"Data Analyst";51519;"GB";"Parcial";"GB";"L"
2021;"MI";"FT";"Research Scientist";187442;"CA";"Sim";"CA";"L"
2021;"SE";"FT";"Data Engineer";115000;"US";"Sim";"US";"S"
2021;"SE";"FT";"Data Engineer";150000;"US";"Sim";"US";"M"
2021;"EN";"FT";"Data Engineer";30428;"IN";"Sim";"IN";"L"
2021;"SE";"FT";"Machine Learning Engineer";94564;"DE";"Parcial";"DE";"L"
2021;"SE";"FT";"Director of Data Engineering";113476;"GB";"Sim";"GB";"M"
2021;"SE";"FT";"Lead Data Engineer";103160;"GB";"Sim";"GB";"S"
2021;"EN";"PT";"AI Scientist";12000;"PK";"Sim";"US";"M"
2021;"MI";"FT";"Data Engineer";45391;"NL";"Sim";"NL";"L"
2021;"EN";"FT";"Machine Learning Scientist";225000;"US";"Sim";"US";"L"
2021;"MI";"FT";"Data Scientist";50000;"NG";"Sim";"NG";"L"
2021;"MI";"FT";"Data Science Engineer";40189;"GR";"Sim";"GR";"M"
2021;"EN";"FT";"Data Analyst";90000;"US";"Sim";"US";"S"
2021;"MI";"FT";"Data Engineer";200000;"US";"Sim";"US";"L"
2021;"MI";"FT";"Big Data Engineer";60000;"ES";"Parcial";"RO";"M"
2021;"SE";"FT";"Principal Data Engineer";200000;"US";"Sim";"US";"M"
2021;"EN";"FT";"Data Analyst";50000;"US";"Sim";"US";"M"
2021;"EN";"FT";"Applied Data Scientist";110037;"GB";"Não";"GB";"L"
2021;"EN";"PT";"Data Analyst";10354;"ES";"Parcial";"ES";"M"
2021;"MI";"FT";"Principal Data Scientist";151000;"US";"Sim";"US";"L"
2021;"SE";"FT";"Machine Learning Scientist";120000;"US";"Parcial";"US";"S"
2021;"MI";"FT";"Data Scientist";9466;"IN";"Não";"IN";"S"
2021;"EN";"FT";"Machine Learning Engineer";20000;"IN";"Sim";"IN";"S"
2021;"SE";"FT";"Lead Data Scientist";40570;"IN";"Parcial";"IN";"L"
2021;"EN";"FT";"Machine Learning Developer";100000;"IQ";"Parcial";"IQ";"S"
2021;"EN";"FT";"Data Scientist";49646;"FR";"Parcial";"FR";"M"
2021;"MI";"FT";"Applied Machine Learning Scientist";38400;"VN";"Sim";"US";"M"
2021;"SE";"FT";"Computer Vision Engineer";24000;"BR";"Sim";"BR";"M"
2021;"EN";"FT";"Data Scientist";100000;"US";"Não";"US";"S"
2021;"MI";"FT";"Data Analyst";90000;"US";"Sim";"US";"M"
2021;"MI";"FT";"ML Engineer";63711;"JP";"Parcial";"JP";"S"
2021;"MI";"FT";"ML Engineer";77364;"JP";"Parcial";"JP";"S"
2021;"SE";"FT";"Principal Data Scientist";220000;"US";"Não";"US";"L"
2021;"EN";"FT";"Data Scientist";80000;"US";"Sim";"US";"M"
2021;"MI";"FT";"Data Analyst";135000;"US";"Sim";"US";"L"
2021;"SE";"FT";"Data Science Manager";240000;"US";"Não";"US";"L"
2021;"SE";"FT";"Data Engineering Manager";150000;"US";"Não";"US";"L"
2021;"MI";"FT";"Data Scientist";82500;"US";"Sim";"US";"S"
2021;"MI";"FT";"Data Engineer";100000;"US";"Sim";"US";"L"
2021;"SE";"FT";"Machine Learning Engineer";82744;"BE";"Parcial";"BE";"M"
2021;"MI";"FT";"Research Scientist";62649;"FR";"Parcial";"FR";"M"
2021;"MI";"FT";"Data Engineer";90000;"US";"Sim";"US";"L"
2021;"SE";"FT";"Data Engineering Manager";153000;"US";"Sim";"US";"L"
2021;"SE";"FT";"Cloud Data Engineer";160000;"BR";"Sim";"US";"S"
2021;"SE";"FT";"Director of Data Science";168000;"JP";"Não";"JP";"S"
2021;"MI";"FT";"Data Scientist";150000;"US";"Sim";"US";"M"
2021;"MI";"FT";"Data Scientist";75774;"CA";"Sim";"CA";"L"
2021;"EN";"FT";"Data Scientist";13400;"UA";"Sim";"UA";"L"
2021;"SE";"FT";"Data Science Manager";144000;"US";"Sim";"US";"L"
2021;"SE";"FT";"Data Science Engineer";127221;"CA";"Parcial";"CA";"L"
2021;"MI";"FT";"Data Scientist";119059;"SG";"Sim";"IL";"M"
2021;"MI";"FT";"Applied Machine Learning Scientist";423000;"US";"Parcial";"US";"L"
2021;"SE";"FT";"Data Analytics Manager";120000;"US";"Sim";"US";"M"
2021;"EN";"FT";"Machine Learning Engineer";125000;"US";"Sim";"US";"S"
2021;"EX";"FT";"Head of Data";230000;"RU";"Parcial";"RU";"L"
2021;"EX";"FT";"Head of Data Science";85000;"RU";"Não";"RU";"M"
2021;"MI";"FT";"Data Engineer";28369;"MT";"Parcial";"MT";"L"
2021;"EN";"FT";"Data Science Consultant";63831;"DE";"Parcial";"DE";"L"
2021;"EX";"FT";"Director of Data Science";130026;"DE";"Parcial";"DE";"M"
2021;"SE";"FT";"Data Specialist";165000;"US";"Sim";"US";"L"
2021;"EN";"FT";"Data Engineer";80000;"US";"Sim";"US";"L"
2021;"EX";"FT";"Director of Data Science";250000;"US";"Não";"US";"L"
2021;"EN";"FT";"BI Data Analyst";55000;"US";"Parcial";"US";"S"
2021;"MI";"FT";"Data Architect";150000;"US";"Sim";"US";"L"
2021;"MI";"FT";"Data Architect";170000;"US";"Sim";"US";"L"
2021;"MI";"FT";"Data Engineer";82528;"GB";"Sim";"GB";"L"
2021;"EN";"FT";"Data Analyst";60000;"US";"Sim";"US";"S"
2021;"SE";"FT";"Principal Data Scientist";235000;"US";"Sim";"US";"L"
2021;"SE";"FT";"Research Scientist";60757;"PT";"Parcial";"PT";"L"
2021;"SE";"FT";"Data Engineering Manager";174000;"US";"Sim";"US";"L"
2021;"MI";"FT";"Data Scientist";2859;"MX";"Não";"MX";"S"
2021;"MI";"FT";"Data Scientist";40038;"CL";"Sim";"CL";"L"
2021;"EN";"FT";"Machine Learning Engineer";81000;"US";"Parcial";"US";"S"
2021;"MI";"FT";"Data Scientist";5679;"IN";"Sim";"US";"S"
2021;"MI";"FT";"Big Data Engineer";22611;"IN";"Não";"IN";"L"
2021;"MI";"FT";"Data Scientist";90734;"DE";"Parcial";"DE";"L"
2021;"MI";"FT";"Data Engineer";26005;"RO";"Não";"US";"L"
2021;"SE";"FT";"Finance Data Analyst";61896;"GB";"Parcial";"GB";"L"
2021;"MI";"FL";"Machine Learning Scientist";12000;"PK";"Parcial";"PK";"M"
2021;"MI";"FT";"Data Engineer";4000;"IR";"Sim";"IR";"M"
2021;"SE";"FT";"Data Analytics Engineer";50000;"VN";"Sim";"GB";"M"
2021;"EX";"FT";"Data Science Consultant";69741;"FR";"Sim";"ES";"S"
2021;"SE";"FT";"Data Engineer";76833;"RO";"Parcial";"GB";"S"
2021;"MI";"FT";"Machine Learning Engineer";74000;"JP";"Parcial";"JP";"S"
2021;"SE";"FT";"Data Science Manager";152000;"US";"Sim";"FR";"L"
2021;"EN";"FT";"Machine Learning Engineer";21844;"CO";"Parcial";"CO";"M"
2021;"MI";"FT";"Big Data Engineer";18000;"MD";"Não";"MD";"S"
2021;"SE";"FT";"Data Science Manager";174000;"US";"Sim";"US";"L"
2021;"SE";"FT";"Research Scientist";96113;"CA";"Parcial";"CA";"L"
2021;"MI";"FT";"Data Scientist";147000;"US";"Parcial";"US";"L"
2021;"EN";"FT";"BI Data Analyst";9272;"KE";"Sim";"KE";"S"
2021;"SE";"FT";"Machine Learning Engineer";24342;"IN";"Sim";"IN";"L"
2021;"SE";"FT";"Data Science Manager";54094;"IN";"Parcial";"US";"L"
2021;"EN";"FT";"Data Science Consultant";90000;"US";"Sim";"US";"S"
2021;"MI";"FT";"Data Scientist";61467;"DE";"Parcial";"AT";"M"
2021;"SE";"FT";"Machine Learning Infrastructure Engineer";195000;"US";"Sim";"US";"M"
2021;"MI";"FT";"Data Scientist";37825;"ES";"Sim";"ES";"L"
2021;"SE";"FT";"Research Scientist";50000;"FR";"Sim";"US";"S"
2021;"MI";"FT";"Data Scientist";160000;"US";"Sim";"US";"L"
2021;"MI";"FT";"Data Scientist";12901;"BR";"Não";"BR";"S"
2021;"SE";"FT";"Machine Learning Engineer";200000;"US";"Sim";"US";"L"
2021;"SE";"FT";"Data Engineer";165000;"US";"Não";"US";"M"
2021;"MI";"FL";"Data Engineer";20000;"IT";"Não";"US";"L"
2021;"SE";"FT";"Data Analytics Manager";120000;"US";"Não";"US";"L"
2021;"MI";"FT";"Machine Learning Engineer";24823;"SI";"Parcial";"SI";"L"
2021;"MI";"FT";"Research Scientist";56738;"FR";"Parcial";"FR";"S"
2021;"MI";"FT";"Data Engineer";66022;"HK";"Parcial";"GB";"S"
2021;"EN";"FT";"Big Data Engineer";5882;"IN";"Não";"CH";"L"
2021;"EN";"FT";"Machine Learning Engineer";24823;"DE";"Parcial";"DE";"M"
2021;"SE";"FT";"Principal Data Engineer";185000;"US";"Sim";"US";"L"
2021;"EN";"PT";"Computer Vision Engineer";28609;"DK";"Parcial";"DK";"S"
2021;"MI";"FT";"Data Scientist";90734;"DE";"Parcial";"DE";"L"
2021;"MI";"FT";"Machine Learning Engineer";88654;"BE";"Sim";"BE";"M"
2021;"SE";"FT";"Data Analytics Manager";140000;"US";"Sim";"US";"L"
2021;"MI";"FT";"Machine Learning Engineer";46597;"PL";"Sim";"PL";"L"
2021;"MI";"FT";"Data Scientist";116914;"GB";"Parcial";"GB";"L"
2021;"MI";"FT";"Data Scientist";33808;"IN";"Não";"IN";"M"
2021;"MI";"FT";"Data Scientist";56256;"GB";"Parcial";"GB";"L"
2021;"SE";"FT";"Machine Learning Scientist";225000;"US";"Sim";"CA";"L"
2021;"EX";"CT";"Principal Data Scientist";416000;"US";"Sim";"US";"S"
2021;"SE";"FT";"Data Scientist";87738;"CA";"Sim";"CA";"S"
2021;"MI";"FT";"Data Scientist";88654;"DE";"Parcial";"DE";"L"
2021;"SE";"FT";"Data Scientist";135000;"US";"Não";"US";"L"
2021;"SE";"FT";"Data Analyst";71786;"CA";"Sim";"CA";"M"
2021;"EN";"FT";"Big Data Engineer";16228;"IN";"Sim";"IN";"L"
2021;"SE";"FT";"ML Engineer";256000;"US";"Sim";"US";"S"
2021;"SE";"FT";"Director of Data Engineering";200000;"US";"Sim";"US";"L"
2021;"SE";"FT";"Data Analyst";200000;"US";"Sim";"US";"L"
2021;"MI";"FT";"Data Architect";180000;"US";"Sim";"US";"L"
2021;"MI";"FT";"Head of Data Science";110000;"US";"Não";"US";"S"
2021;"MI";"FT";"Research Scientist";63810;"CA";"Sim";"CA";"M"
2021;"MI";"FT";"Data Scientist";46809;"ES";"Sim";"ES";"M"
2021;"EN";"FT";"Data Scientist";4000;"VN";"Não";"VN";"M"
2021;"EN";"FT";"Data Engineer";21637;"IN";"Parcial";"IN";"M"
2021;"SE";"FT";"Data Scientist";103691;"CA";"Sim";"CA";"L"
2021;"MI";"FT";"Data Analyst";80000;"US";"Sim";"US";"L"
2021;"MI";"FT";"Data Engineer";110000;"US";"Sim";"US";"L"
2021;"SE";"FT";"Data Scientist";165000;"US";"Sim";"US";"L"
2021;"EN";"FT";"AI Scientist";18053;"IN";"Sim";"AS";"S"
2021;"MI";"FT";"Data Engineer";72212;"GB";"Parcial";"GB";"L"
2021;"EN";"FT";"Data Scientist";36643;"FR";"Parcial";"FR";"L"
2021;"MI";"FT";"Data Engineer";12103;"TR";"Não";"TR";"M"
2021;"SE";"FT";"Data Engineer";96282;"GB";"Parcial";"GB";"L"
2021;"SE";"FT";"Principal Data Analyst";170000;"US";"Sim";"US";"M"
2021;"MI";"FT";"Data Scientist";115000;"US";"Parcial";"US";"L"
2021;"EN";"FT";"Data Scientist";90000;"US";"Sim";"US";"S"
2021;"EX";"FT";"Principal Data Engineer";600000;"US";"Sim";"US";"L"
2021;"EN";"FT";"Data Scientist";28399;"IN";"Sim";"IN";"M"
2021;"MI";"FT";"Data Analyst";93000;"US";"Sim";"US";"L"
2021;"SE";"FT";"Big Data Architect";99703;"CA";"Parcial";"CA";"M"
2021;"MI";"FT";"Data Engineer";200000;"US";"Sim";"US";"L"
2021;"SE";"FT";"Principal Data Scientist";173762;"DE";"Sim";"DE";"M"
2021;"SE";"FT";"Machine Learning Engineer";185000;"US";"Parcial";"US";"L"
2021;"EX";"FT";"Director of Data Science";141846;"DE";"Não";"DE";"L"
2021;"MI";"FT";"Data Scientist";130000;"US";"Parcial";"US";"L"
2021;"SE";"FT";"Data Analyst";63831;"DE";"Parcial";"DE";"L"
2021;"MI";"FT";"Data Scientist";16904;"IN";"Sim";"IN";"S"
2021;"SE";"FT";"Machine Learning Engineer";66265;"IN";"Não";"IN";"L"
2021;"MI";"FT";"Data Scientist";25532;"RS";"Sim";"DE";"S"
2021;"SE";"FT";"Lead Data Engineer";160000;"PR";"Parcial";"US";"S"
2021;"MI";"FT";"Data Engineer";93150;"US";"Não";"US";"M"
2021;"MI";"FT";"Data Engineer";111775;"US";"Não";"US";"M"
2021;"MI";"FT";"Data Engineer";28016;"TR";"Sim";"TR";"M"
2021;"EN";"FT";"Data Engineer";65013;"DE";"Parcial";"DE";"M"
2021;"EN";"FT";"Data Engineer";72500;"US";"Sim";"US";"L"
2021;"SE";"FT";"Computer Vision Engineer";18907;"BR";"Não";"BR";"M"
2021;"EN";"FT";"Data Science Consultant";76833;"DE";"Não";"DE";"L"
2021;"EN";"FT";"Machine Learning Engineer";85000;"NL";"Sim";"DE";"S"
2021;"SE";"FT";"Data Scientist";77684;"FR";"Parcial";"FR";"M"
2021;"EN";"FT";"Data Scientist";100000;"US";"Sim";"US";"M"
2021;"EN";"FT";"Data Scientist";58000;"US";"Parcial";"US";"L"
2021;"SE";"FT";"AI Scientist";55000;"ES";"Sim";"ES";"L"
2021;"SE";"FT";"Data Scientist";20171;"TR";"Parcial";"TR";"L"
2021;"EN";"FT";"Business Data Analyst";59102;"LU";"Sim";"LU";"L"
2021;"MI";"FT";"Data Engineer";112000;"US";"Sim";"US";"L"
2021;"EN";"FT";"Research Scientist";100000;"JE";"Não";"CN";"L"
2021;"MI";"PT";"Data Engineer";69741;"NL";"Sim";"NL";"L"
2021;"SE";"CT";"Staff Data Scientist";105000;"US";"Sim";"US";"M"
2021;"MI";"FT";"Research Scientist";69999;"CZ";"Parcial";"CZ";"L"
2021;"SE";"FT";"Data Science Manager";94665;"IN";"Parcial";"IN";"L"
2021;"SE";"FT";"Head of Data";102839;"SI";"Sim";"SI";"L"
2021;"MI";"FT";"Data Scientist";109000;"US";"Parcial";"US";"L"
2021;"MI";"FT";"Machine Learning Engineer";51064;"IT";"Parcial";"IT";"L"
2022;"SE";"FT";"Data Engineer";135000;"US";"Sim";"US";"M"
2022;"SE";"FT";"Data Analyst";155000;"US";"Sim";"US";"M"
2022;"SE";"FT";"Data Analyst";120600;"US";"Sim";"US";"M"
2022;"MI";"FT";"Data Scientist";130000;"US";"Não";"US";"M"
2022;"MI";"FT";"Data Scientist";90000;"US";"Não";"US";"M"
2022;"MI";"FT";"Data Engineer";170000;"US";"Sim";"US";"M"
2022;"MI";"FT";"Data Engineer";150000;"US";"Sim";"US";"M"
2022;"SE";"FT";"Data Analyst";102100;"US";"Sim";"US";"M"
2022;"SE";"FT";"Data Analyst";84900;"US";"Sim";"US";"M"
2022;"SE";"FT";"Data Scientist";136620;"US";"Sim";"US";"M"
2022;"SE";"FT";"Data Scientist";99360;"US";"Sim";"US";"M"
2022;"SE";"FT";"Data Scientist";117789;"GB";"Não";"GB";"M"
2022;"SE";"FT";"Data Scientist";104702;"GB";"Não";"GB";"M"
2022;"SE";"FT";"Data Scientist";146000;"US";"Sim";"US";"M"
2022;"SE";"FT";"Data Scientist";123000;"US";"Sim";"US";"M"
2022;"EN";"FT";"Data Engineer";52351;"GB";"Sim";"GB";"M"
2022;"SE";"FT";"Data Analyst";99000;"US";"Não";"US";"M"
2022;"SE";"FT";"Data Analyst";116000;"US";"Não";"US";"M"
2022;"MI";"FT";"Data Analyst";106260;"US";"Não";"US";"M"
2022;"MI";"FT";"Data Analyst";126500;"US";"Não";"US";"M"
2022;"EX";"FT";"Data Engineer";242000;"US";"Sim";"US";"M"
2022;"EX";"FT";"Data Engineer";200000;"US";"Sim";"US";"M"
2022;"MI";"FT";"Data Scientist";65438;"GB";"Não";"GB";"M"
2022;"MI";"FT";"Data Scientist";39263;"GB";"Não";"GB";"M"
2022;"MI";"FT";"Data Engineer";78526;"GB";"Não";"GB";"M"
2022;"MI";"FT";"Data Engineer";52351;"GB";"Não";"GB";"M"
2022;"SE";"FT";"Data Scientist";165220;"US";"Sim";"US";"M"
2022;"EN";"FT";"Data Engineer";45807;"GB";"Sim";"GB";"M"
2022;"SE";"FT";"Data Scientist";120160;"US";"Sim";"US";"M"
2022;"SE";"FT";"Data Analyst";90320;"US";"Sim";"US";"M"
2022;"SE";"FT";"Data Engineer";181940;"US";"Não";"US";"M"
2022;"SE";"FT";"Data Engineer";132320;"US";"Não";"US";"M"
2022;"SE";"FT";"Data Engineer";220110;"US";"Não";"US";"M"
2022;"SE";"FT";"Data Engineer";160080;"US";"Não";"US";"M"
2022;"SE";"FT";"Data Scientist";180000;"US";"Não";"US";"L"
2022;"SE";"FT";"Data Scientist";120000;"US";"Não";"US";"L"
2022;"SE";"FT";"Data Analyst";124190;"US";"Sim";"US";"M"
2022;"EX";"FT";"Data Analyst";130000;"US";"Sim";"US";"M"
2022;"EX";"FT";"Data Analyst";110000;"US";"Sim";"US";"M"
2022;"SE";"FT";"Data Analyst";170000;"US";"Sim";"US";"M"
2022;"MI";"FT";"Data Analyst";115500;"US";"Sim";"US";"M"
2022;"SE";"FT";"Data Analyst";112900;"US";"Sim";"US";"M"
2022;"SE";"FT";"Data Analyst";90320;"US";"Sim";"US";"M"
2022;"SE";"FT";"Data Analyst";112900;"US";"Sim";"US";"M"
2022;"SE";"FT";"Data Analyst";90320;"US";"Sim";"US";"M"
2022;"SE";"FT";"Data Engineer";165400;"US";"Sim";"US";"M"
2022;"SE";"FT";"Data Engineer";132320;"US";"Sim";"US";"M"
2022;"MI";"FT";"Data Analyst";167000;"US";"Sim";"US";"M"
2022;"SE";"FT";"Data Engineer";243900;"US";"Sim";"US";"M"
2022;"SE";"FT";"Data Analyst";136600;"US";"Sim";"US";"M"
2022;"SE";"FT";"Data Analyst";109280;"US";"Sim";"US";"M"
2022;"SE";"FT";"Data Engineer";128875;"US";"Sim";"US";"M"
2022;"SE";"FT";"Data Engineer";93700;"US";"Sim";"US";"M"
2022;"EX";"FT";"Head of Data Science";224000;"US";"Sim";"US";"M"
2022;"EX";"FT";"Head of Data Science";167875;"US";"Sim";"US";"M"
2022;"EX";"FT";"Analytics Engineer";175000;"US";"Sim";"US";"M"
2022;"SE";"FT";"Data Engineer";156600;"US";"Sim";"US";"M"
2022;"SE";"FT";"Data Engineer";108800;"US";"Não";"US";"M"
2022;"SE";"FT";"Data Scientist";95550;"US";"Não";"US";"M"
2022;"SE";"FT";"Data Engineer";113000;"US";"Não";"US";"L"
2022;"SE";"FT";"Data Analyst";135000;"US";"Sim";"US";"M"
2022;"SE";"FT";"Data Science Manager";161342;"US";"Sim";"US";"M"
2022;"SE";"FT";"Data Science Manager";137141;"US";"Sim";"US";"M"
2022;"SE";"FT";"Data Scientist";167000;"US";"Sim";"US";"M"
2022;"SE";"FT";"Data Scientist";123000;"US";"Sim";"US";"M"
2022;"SE";"FT";"Data Engineer";78526;"GB";"Não";"GB";"M"
2022;"SE";"FT";"Data Engineer";65438;"GB";"Não";"GB";"M"
2022;"SE";"FT";"Data Scientist";150000;"US";"Não";"US";"M"
2022;"SE";"FT";"Data Scientist";211500;"US";"Sim";"US";"M"
2022;"SE";"FT";"Data Architect";192400;"CA";"Sim";"CA";"M"
2022;"SE";"FT";"Data Architect";90700;"CA";"Sim";"CA";"M"
2022;"SE";"FT";"Data Analyst";130000;"CA";"Sim";"CA";"M"
2022;"SE";"FT";"Data Analyst";61300;"CA";"Sim";"CA";"M"
2022;"SE";"FT";"Data Analyst";130000;"CA";"Sim";"CA";"M"
2022;"SE";"FT";"Data Analyst";61300;"CA";"Sim";"CA";"M"
2022;"SE";"FT";"Data Engineer";160000;"US";"Não";"US";"L"
2022;"SE";"FT";"Data Scientist";138600;"US";"Sim";"US";"M"
2022;"SE";"FT";"Data Engineer";136000;"US";"Não";"US";"M"
2022;"MI";"FT";"Data Analyst";58000;"US";"Não";"US";"S"
2022;"EX";"FT";"Analytics Engineer";135000;"US";"Sim";"US";"M"
2022;"SE";"FT";"Data Scientist";170000;"US";"Sim";"US";"M"
2022;"SE";"FT";"Data Scientist";123000;"US";"Sim";"US";"M"
2022;"SE";"FT";"Machine Learning Engineer";189650;"US";"Não";"US";"M"
2022;"SE";"FT";"Machine Learning Engineer";164996;"US";"Não";"US";"M"
2022;"MI";"FT";"ETL Developer";54957;"GR";"Não";"GR";"M"
2022;"MI";"FT";"ETL Developer";54957;"GR";"Não";"GR";"M"
2022;"EX";"FT";"Lead Data Engineer";118187;"CA";"Sim";"CA";"S"
2022;"SE";"FT";"Data Analyst";132000;"US";"Não";"US";"M"
2022;"SE";"FT";"Data Engineer";165400;"US";"Sim";"US";"M"
2022;"SE";"FT";"Data Architect";208775;"US";"Sim";"US";"M"
2022;"SE";"FT";"Data Architect";147800;"US";"Sim";"US";"M"
2022;"SE";"FT";"Data Engineer";136994;"US";"Sim";"US";"M"
2022;"SE";"FT";"Data Engineer";101570;"US";"Sim";"US";"M"
2022;"SE";"FT";"Data Analyst";128875;"US";"Sim";"US";"M"
2022;"SE";"FT";"Data Analyst";93700;"US";"Sim";"US";"M"
2022;"EX";"FT";"Head of Machine Learning";79039;"IN";"Parcial";"IN";"L"
2022;"SE";"FT";"Data Engineer";132320;"US";"Sim";"US";"M"
2022;"EN";"FT";"Machine Learning Engineer";37300;"GB";"Sim";"GB";"L"
2022;"SE";"FT";"Data Analyst";164000;"US";"Não";"US";"M"
2022;"SE";"FT";"Data Engineer";155000;"US";"Sim";"US";"M"
2022;"MI";"FT";"Machine Learning Engineer";124333;"GB";"Não";"GB";"M"
2022;"MI";"FT";"Machine Learning Engineer";98158;"GB";"Não";"GB";"M"
2022;"MI";"FT";"AI Scientist";120000;"US";"Não";"US";"M"
2022;"SE";"FT";"Data Analyst";112900;"US";"Sim";"US";"M"
2022;"SE";"FT";"Data Analyst";90320;"US";"Sim";"US";"M"
2022;"SE";"FT";"Data Analytics Manager";145000;"US";"Sim";"US";"M"
2022;"SE";"FT";"Data Analytics Manager";105400;"US";"Sim";"US";"M"
2022;"MI";"FT";"Machine Learning Engineer";87932;"FR";"Sim";"DE";"M"
2022;"MI";"FT";"Data Engineer";117789;"GB";"Não";"GB";"M"
2022;"SE";"FT";"Data Scientist";215300;"US";"Sim";"US";"L"
2022;"SE";"FT";"Data Scientist";158200;"US";"Sim";"US";"L"
2022;"SE";"FT";"Data Engineer";209100;"US";"Sim";"US";"L"
2022;"SE";"FT";"Data Engineer";154600;"US";"Sim";"US";"L"
2022;"SE";"FT";"Data Analyst";115934;"US";"Não";"US";"M"
2022;"SE";"FT";"Data Analyst";81666;"US";"Não";"US";"M"
2022;"SE";"FT";"Data Engineer";175000;"US";"Sim";"US";"M"
2022;"MI";"FT";"Data Engineer";98158;"GB";"Não";"GB";"M"
2022;"MI";"FT";"Data Analyst";58000;"US";"Não";"US";"S"
2022;"SE";"FT";"Data Engineer";183600;"US";"Sim";"US";"L"
2022;"MI";"FT";"Data Analyst";52351;"GB";"Sim";"GB";"M"
2022;"SE";"FT";"Data Scientist";180000;"US";"Sim";"US";"M"
2022;"MI";"FT";"Data Scientist";71982;"GB";"Não";"GB";"M"
2022;"MI";"FT";"Data Scientist";45807;"GB";"Não";"GB";"M"
2022;"MI";"FT";"Data Engineer";65949;"GR";"Sim";"GR";"M"
2022;"MI";"FT";"Data Engineer";49461;"GR";"Sim";"GR";"M"
2022;"MI";"FT";"Data Engineer";78526;"GB";"Sim";"GB";"M"
2022;"MI";"FT";"Data Engineer";58894;"GB";"Sim";"GB";"M"
2022;"SE";"FT";"Data Scientist";260000;"US";"Sim";"US";"M"
2022;"SE";"FT";"Data Science Engineer";60000;"AR";"Sim";"MX";"L"
2022;"MI";"FT";"Data Engineer";63900;"US";"Não";"US";"M"
2022;"MI";"FT";"Machine Learning Scientist";160000;"US";"Sim";"US";"L"
2022;"MI";"FT";"Machine Learning Scientist";112300;"US";"Sim";"US";"L"
2022;"MI";"FT";"Data Science Manager";241000;"US";"Sim";"US";"M"
2022;"MI";"FT";"Data Science Manager";159000;"US";"Sim";"US";"M"
2022;"SE";"FT";"Data Scientist";180000;"US";"Não";"US";"M"
2022;"SE";"FT";"Data Scientist";80000;"US";"Não";"US";"M"
2022;"MI";"FT";"Data Engineer";82900;"US";"Não";"US";"M"
2022;"SE";"FT";"Data Engineer";100800;"US";"Sim";"US";"L"
2022;"MI";"FT";"Data Engineer";49461;"ES";"Sim";"ES";"M"
2022;"SE";"FT";"Data Scientist";140400;"US";"Não";"US";"L"
2022;"MI";"FT";"Data Analyst";39263;"GB";"Sim";"GB";"M"
2022;"MI";"FT";"Data Analyst";43966;"ES";"Sim";"ES";"M"
2022;"MI";"FT";"Data Analyst";32974;"ES";"Sim";"ES";"M"
2022;"MI";"FT";"Data Engineer";87932;"ES";"Sim";"ES";"M"
2022;"MI";"FT";"Data Engineer";76940;"ES";"Sim";"ES";"M"
2022;"MI";"FT";"Data Engineer";104702;"GB";"Sim";"GB";"M"
2022;"MI";"FT";"Data Engineer";91614;"GB";"Sim";"GB";"M"
2022;"MI";"FT";"Data Engineer";65949;"ES";"Sim";"ES";"M"
2022;"MI";"FT";"Data Engineer";87932;"GR";"Sim";"GR";"M"
2022;"SE";"FT";"Machine Learning Engineer";189650;"US";"Não";"US";"M"
2022;"SE";"FT";"Machine Learning Engineer";164996;"US";"Não";"US";"M"
2022;"MI";"FT";"Data Analyst";43966;"GR";"Sim";"GR";"M"
2022;"MI";"FT";"Data Analyst";32974;"GR";"Sim";"GR";"M"
2022;"MI";"FT";"Data Engineer";98158;"GB";"Sim";"GB";"M"
2022;"MI";"FT";"Data Engineer";78526;"GB";"Sim";"GB";"M"
2022;"SE";"FT";"Data Scientist";215300;"US";"Não";"US";"L"
2022;"MI";"FT";"Data Engineer";76940;"GR";"Sim";"GR";"M"
2022;"SE";"FT";"Data Engineer";209100;"US";"Sim";"US";"L"
2022;"SE";"FT";"Data Engineer";154600;"US";"Sim";"US";"L"
2022;"SE";"FT";"Data Engineer";180000;"US";"Sim";"US";"M"
2022;"EN";"FT";"ML Engineer";21983;"PT";"Sim";"PT";"L"
2022;"SE";"FT";"Data Engineer";80000;"US";"Sim";"US";"M"
2022;"MI";"FT";"Machine Learning Developer";78791;"CA";"Sim";"CA";"M"
2022;"EX";"FT";"Director of Data Science";196979;"CA";"Parcial";"CA";"L"
2022;"MI";"FT";"Machine Learning Engineer";120000;"US";"Sim";"US";"S"
2022;"EN";"FT";"Computer Vision Engineer";125000;"US";"Não";"US";"M"
2022;"MI";"FT";"NLP Engineer";37236;"US";"Parcial";"US";"L"
2022;"SE";"FT";"Data Engineer";105000;"US";"Sim";"US";"M"
2022;"SE";"FT";"Lead Machine Learning Engineer";87932;"DE";"Não";"DE";"M"
2022;"MI";"FT";"Business Data Analyst";18442;"IN";"Sim";"IN";"M"
2022;"MI";"FT";"Data Scientist";31615;"IN";"Sim";"IN";"L"
2022;"MI";"FT";"Machine Learning Infrastructure Engineer";58255;"PT";"Parcial";"PT";"L"
2022;"EN";"FT";"Financial Data Analyst";100000;"US";"Parcial";"US";"L"
2022;"MI";"PT";"Data Engineer";54957;"DE";"Parcial";"DE";"L"
2022;"EN";"FT";"Data Scientist";18442;"IN";"Sim";"IN";"M"
2022;"SE";"FT";"Principal Data Scientist";162674;"DE";"Sim";"DE";"M"
2022;"EN";"FT";"Data Engineer";120000;"US";"Sim";"US";"M"
2022;"SE";"FT";"Research Scientist";144000;"US";"Parcial";"US";"L"
2022;"SE";"FT";"Data Scientist";104890;"US";"Sim";"US";"M"
2022;"SE";"FT";"Data Engineer";100000;"US";"Sim";"US";"M"
2022;"SE";"FT";"Data Scientist";140000;"US";"Sim";"US";"M"
2022;"MI";"FT";"Data Analyst";135000;"US";"Sim";"US";"M"
2022;"MI";"FT";"Data Analyst";50000;"US";"Sim";"US";"M"
2022;"SE";"FT";"Data Scientist";220000;"US";"Sim";"US";"M"
2022;"SE";"FT";"Data Scientist";140000;"US";"Sim";"US";"M"
2022;"MI";"FT";"Data Scientist";183228;"GB";"Não";"GB";"M"
2022;"MI";"FT";"Data Scientist";91614;"GB";"Não";"GB";"M"
2022;"SE";"FT";"Data Scientist";185100;"US";"Sim";"US";"M"
2022;"SE";"FT";"Machine Learning Engineer";220000;"US";"Sim";"US";"M"
2022;"MI";"FT";"Data Scientist";200000;"US";"Sim";"US";"M"
2022;"MI";"FT";"Data Scientist";120000;"US";"Sim";"US";"M"
2022;"SE";"FT";"Machine Learning Engineer";120000;"AE";"Sim";"AE";"S"
2022;"SE";"FT";"Machine Learning Engineer";65000;"AE";"Sim";"AE";"S"
2022;"EX";"FT";"Data Engineer";324000;"US";"Sim";"US";"M"
2022;"EX";"FT";"Data Engineer";216000;"US";"Sim";"US";"M"
2022;"SE";"FT";"Data Engineer";210000;"US";"Sim";"US";"M"
2022;"SE";"FT";"Machine Learning Engineer";120000;"US";"Sim";"US";"M"
2022;"SE";"FT";"Data Scientist";230000;"US";"Sim";"US";"M"
2022;"EN";"PT";"Data Scientist";100000;"DZ";"Parcial";"DZ";"M"
2022;"MI";"FL";"Data Scientist";100000;"CA";"Sim";"US";"M"
2022;"EN";"CT";"Applied Machine Learning Scientist";31875;"TN";"Sim";"CZ";"M"
2022;"SE";"FT";"Head of Data";200000;"MY";"Sim";"US";"M"
2022;"MI";"FT";"Principal Data Analyst";75000;"CA";"Sim";"CA";"S"
2022;"MI";"FT";"Data Scientist";35590;"PL";"Sim";"PL";"L"
2022;"SE";"FT";"Machine Learning Developer";78791;"CA";"Sim";"CA";"M"
2022;"SE";"FT";"Data Scientist";100000;"BR";"Sim";"US";"M"
2022;"MI";"FT";"Machine Learning Scientist";153000;"US";"Parcial";"US";"M"
2022;"EN";"FT";"Data Engineer";58035;"PK";"Sim";"DE";"M"
2022;"SE";"FT";"Data Scientist";165000;"US";"Sim";"US";"M"
2022;"SE";"FT";"Research Scientist";93427;"FR";"Parcial";"FR";"L"
2022;"EN";"FT";"Data Scientist";52396;"CA";"Sim";"CA";"L"
2022;"SE";"FT";"Machine Learning Engineer";62651;"NL";"Sim";"NL";"L"
2022;"MI";"FT";"Head of Data";32974;"EE";"Sim";"EE";"S"
2022;"EN";"FT";"Data Scientist";40000;"JP";"Sim";"MY";"L"
2022;"MI";"FT";"Machine Learning Engineer";87425;"AU";"Sim";"AU";"L"
2022;"SE";"FT";"Data Engineer";115000;"US";"Sim";"US";"M"
2022;"EN";"FT";"Data Scientist";86703;"AU";"Parcial";"AU";"M"
2022;"MI";"FT";"Applied Machine Learning Scientist";75000;"BO";"Sim";"US";"L"
2022;"MI";"FT";"Research Scientist";64849;"AT";"Não";"AT";"L"
2022;"EN";"FT";"Research Scientist";120000;"US";"Sim";"US";"L"
2022;"MI";"FT";"Applied Data Scientist";157000;"US";"Sim";"US";"L"
2022;"EN";"FT";"Computer Vision Software Engineer";150000;"AU";"Sim";"AU";"S"
2022;"MI";"FT";"Business Data Analyst";70912;"CA";"Parcial";"CA";"L"
2022;"EN";"FT";"Data Engineer";65000;"US";"Sim";"US";"S"
2022;"SE";"FT";"Machine Learning Engineer";71444;"IE";"Sim";"IE";"S"
2022;"EN";"FT";"Data Analytics Engineer";20000;"PK";"Não";"PK";"M"
2022;"MI";"FT";"Data Scientist";48000;"RU";"Sim";"US";"S"
2022;"SE";"FT";"Data Science Manager";152500;"US";"Sim";"US";"M"
2022;"MI";"FT";"Data Engineer";68147;"FR";"Sim";"FR";"M"
2022;"MI";"FT";"Data Scientist";122346;"CH";"Não";"CH";"L"
2022;"SE";"FT";"Applied Data Scientist";380000;"US";"Sim";"US";"L"
2022;"MI";"FT";"Data Scientist";69336;"CA";"Sim";"CA";"M"
2022;"EN";"FT";"Computer Vision Engineer";10000;"PT";"Sim";"LU";"M"
2022;"MI";"FT";"Data Analyst";20000;"GR";"Sim";"GR";"S"
2022;"SE";"FT";"Data Analytics Lead";405000;"US";"Sim";"US";"L"
2022;"MI";"FT";"Data Scientist";135000;"US";"Sim";"US";"L"
2022;"SE";"FT";"Applied Data Scientist";177000;"US";"Sim";"US";"L"
2022;"MI";"FT";"Data Scientist";78000;"US";"Sim";"US";"M"
2022;"SE";"FT";"Data Analyst";135000;"US";"Sim";"US";"M"
2022;"SE";"FT";"Data Analyst";100000;"US";"Sim";"US";"M"
2022;"SE";"FT";"Data Analyst";90320;"US";"Sim";"US";"M"
2022;"MI";"FT";"Data Analyst";85000;"CA";"Não";"CA";"M"
2022;"MI";"FT";"Data Analyst";75000;"CA";"Não";"CA";"M"
2022;"SE";"FT";"Machine Learning Engineer";214000;"US";"Sim";"US";"M"
2022;"SE";"FT";"Machine Learning Engineer";192600;"US";"Sim";"US";"M"
2022;"SE";"FT";"Data Architect";266400;"US";"Sim";"US";"M"
2022;"SE";"FT";"Data Architect";213120;"US";"Sim";"US";"M"
2022;"SE";"FT";"Data Analyst";112900;"US";"Sim";"US";"M"
2022;"SE";"FT";"Data Engineer";155000;"US";"Sim";"US";"M"
2022;"MI";"FT";"Data Scientist";141300;"US";"Não";"US";"M"
2022;"MI";"FT";"Data Scientist";102100;"US";"Não";"US";"M"
2022;"SE";"FT";"Data Analyst";115934;"US";"Sim";"US";"M"
2022;"SE";"FT";"Data Analyst";81666;"US";"Sim";"US";"M"
2022;"MI";"FT";"Data Engineer";206699;"US";"Não";"US";"M"
2022;"MI";"FT";"Data Engineer";99100;"US";"Não";"US";"M"
2022;"SE";"FT";"Data Engineer";130000;"US";"Sim";"US";"M"
2022;"SE";"FT";"Data Engineer";115000;"US";"Sim";"US";"M"
2022;"SE";"FT";"Data Engineer";110500;"US";"Sim";"US";"M"
2022;"SE";"FT";"Data Engineer";130000;"US";"Sim";"US";"M"
2022;"SE";"FT";"Data Analyst";99050;"US";"Sim";"US";"M"
2022;"SE";"FT";"Data Engineer";160000;"US";"Sim";"US";"M"
2022;"SE";"FT";"Data Scientist";205300;"US";"Não";"US";"L"
2022;"SE";"FT";"Data Scientist";140400;"US";"Não";"US";"L"
2022;"SE";"FT";"Data Scientist";176000;"US";"Sim";"US";"M"
2022;"SE";"FT";"Data Scientist";144000;"US";"Sim";"US";"M"
2022;"SE";"FT";"Data Engineer";200100;"US";"Sim";"US";"M"
2022;"SE";"FT";"Data Engineer";160000;"US";"Sim";"US";"M"
2022;"SE";"FT";"Data Engineer";145000;"US";"Sim";"US";"M"
2022;"SE";"FT";"Data Engineer";70500;"US";"Não";"US";"M"
2022;"SE";"FT";"Data Scientist";205300;"US";"Não";"US";"M"
2022;"SE";"FT";"Data Scientist";140400;"US";"Não";"US";"M"
2022;"SE";"FT";"Analytics Engineer";205300;"US";"Não";"US";"M"
2022;"SE";"FT";"Analytics Engineer";184700;"US";"Não";"US";"M"
2022;"SE";"FT";"Data Engineer";175100;"US";"Sim";"US";"M"
2022;"SE";"FT";"Data Engineer";140250;"US";"Sim";"US";"M"
2022;"SE";"FT";"Data Analyst";116150;"US";"Sim";"US";"M"
2022;"SE";"FT";"Data Engineer";54000;"US";"Não";"US";"M"
2022;"SE";"FT";"Data Analyst";170000;"US";"Sim";"US";"M"
2022;"MI";"FT";"Data Analyst";65438;"GB";"Não";"GB";"M"
2022;"SE";"FT";"Data Analyst";80000;"US";"Sim";"US";"M"
2022;"SE";"FT";"Data Scientist";140000;"US";"Sim";"US";"M"
2022;"SE";"FT";"Data Scientist";210000;"US";"Sim";"US";"M"
2022;"SE";"FT";"Data Scientist";140000;"US";"Sim";"US";"M"
2022;"SE";"FT";"Data Analyst";100000;"US";"Sim";"US";"M"
2022;"SE";"FT";"Data Analyst";69000;"US";"Sim";"US";"M"
2022;"SE";"FT";"Data Scientist";210000;"US";"Sim";"US";"M"
2022;"SE";"FT";"Data Scientist";140000;"US";"Sim";"US";"M"
2022;"SE";"FT";"Data Scientist";210000;"US";"Sim";"US";"M"
2022;"SE";"FT";"Data Analyst";150075;"US";"Sim";"US";"M"
2022;"SE";"FT";"Data Engineer";100000;"US";"Sim";"US";"M"
2022;"SE";"FT";"Data Engineer";25000;"US";"Sim";"US";"M"
2022;"SE";"FT";"Data Analyst";126500;"US";"Sim";"US";"M"
2022;"SE";"FT";"Data Analyst";106260;"US";"Sim";"US";"M"
2022;"SE";"FT";"Data Engineer";220110;"US";"Sim";"US";"M"
2022;"SE";"FT";"Data Engineer";160080;"US";"Sim";"US";"M"
2022;"SE";"FT";"Data Analyst";105000;"US";"Sim";"US";"M"
2022;"SE";"FT";"Data Analyst";110925;"US";"Sim";"US";"M"
2022;"MI";"FT";"Data Analyst";45807;"GB";"Não";"GB";"M"
2022;"SE";"FT";"Data Scientist";140000;"US";"Sim";"US";"M"
2022;"SE";"FT";"Data Analyst";99000;"US";"Não";"US";"M"
2022;"SE";"FT";"Data Analyst";60000;"US";"Sim";"US";"M"
2022;"SE";"FT";"Data Architect";192564;"US";"Sim";"US";"M"
2022;"SE";"FT";"Data Architect";144854;"US";"Sim";"US";"M"
2022;"SE";"FT";"Data Scientist";230000;"US";"Sim";"US";"M"
2022;"SE";"FT";"Data Scientist";150000;"US";"Sim";"US";"M"
2022;"SE";"FT";"Data Analytics Manager";150260;"US";"Sim";"US";"M"
2022;"SE";"FT";"Data Analytics Manager";109280;"US";"Sim";"US";"M"
2022;"SE";"FT";"Data Scientist";210000;"US";"Sim";"US";"M"
2022;"SE";"FT";"Data Analyst";170000;"US";"Sim";"US";"M"
2022;"MI";"FT";"Data Scientist";160000;"US";"Sim";"US";"M"
2022;"MI";"FT";"Data Scientist";130000;"US";"Sim";"US";"M"
2022;"EN";"FT";"Data Analyst";67000;"CA";"Não";"CA";"M"
2022;"EN";"FT";"Data Analyst";52000;"CA";"Não";"CA";"M"
2022;"SE";"FT";"Data Engineer";154000;"US";"Sim";"US";"M"
2022;"SE";"FT";"Data Engineer";126000;"US";"Sim";"US";"M"
2022;"SE";"FT";"Data Analyst";129000;"US";"Não";"US";"M"
2022;"SE";"FT";"Data Analyst";150000;"US";"Sim";"US";"M"
2022;"MI";"FT";"AI Scientist";200000;"IN";"Sim";"US";"L"
